{
  "rank": 1,
  "stats": {
    "node_count": 85,
    "edge_count": 97,
    "top_out_degree": [
      [
        "1601.02586",
        18
      ],
      [
        "1310.6022",
        11
      ],
      [
        "1202.1159",
        10
      ],
      [
        "1502.04394",
        10
      ],
      [
        "1412.8334",
        8
      ],
      [
        "1502.07147",
        8
      ],
      [
        "1404.5759",
        6
      ],
      [
        "1507.06557",
        6
      ],
      [
        "1404.4240",
        4
      ],
      [
        "1502.00981",
        3
      ],
      [
        "1502.03160",
        3
      ],
      [
        "1601.03724",
        3
      ],
      [
        "1501.03910",
        2
      ],
      [
        "1504.07439",
        2
      ],
      [
        "1312.2892",
        1
      ],
      [
        "1403.6368",
        1
      ],
      [
        "1503.07955",
        1
      ]
    ]
  },
  "nodes": [
    "0706.4403",
    "0709.1458",
    "0801.2014",
    "0801.4590",
    "0901.3273",
    "0905.4141",
    "0906.1206",
    "0907.5224",
    "0908.2267",
    "0909.0854",
    "0912.0654",
    "1009.2135",
    "1010.4542",
    "1011.1418",
    "1012.2586",
    "1104.0176",
    "1106.1337",
    "1108.0002",
    "1110.2949",
    "1111.3527",
    "1202.1159",
    "1209.3836",
    "1210.3006",
    "1211.2302",
    "1211.4021",
    "1211.4457",
    "1301.4871",
    "1301.7017",
    "1302.0577",
    "1303.5694",
    "1307.4957",
    "1307.7560",
    "1308.1003",
    "1308.6817",
    "1310.4154",
    "1310.6022",
    "1312.2892",
    "1312.4237",
    "1312.6869",
    "1401.2572",
    "1402.3458",
    "1403.6368",
    "1404.4240",
    "1404.4730",
    "1404.5759",
    "1404.5802",
    "1407.3656",
    "1408.3992",
    "1411.1023",
    "1412.1698",
    "1412.8334",
    "1501.03910",
    "1501.05506",
    "1501.05867",
    "1502.00550",
    "1502.00981",
    "1502.01667",
    "1502.03160",
    "1502.04394",
    "1502.07147",
    "1503.07955",
    "1504.02047",
    "1504.07439",
    "1505.00610",
    "1505.00675",
    "1505.00885",
    "1507.06557",
    "1511.09410",
    "1601.02586",
    "1601.03724",
    "cond-mat/0607243",
    "hep-th/0306165",
    "hep-th/0312085",
    "hep-th/0404153",
    "hep-th/0602013",
    "hep-th/9201033",
    "hep-th/9202006",
    "hep-th/9407018",
    "hep-th/9811200",
    "math-ph/0211042",
    "math-ph/0608052",
    "math-ph/0702045",
    "math/0308152",
    "math/0503002",
    "math/9905075"
  ],
  "edges": [
    {
      "source": "1202.1159",
      "target": "0906.1206"
    },
    {
      "source": "1202.1159",
      "target": "0709.1458"
    },
    {
      "source": "1202.1159",
      "target": "0801.2014"
    },
    {
      "source": "1202.1159",
      "target": "hep-th/9407018"
    },
    {
      "source": "1202.1159",
      "target": "math/0308152"
    },
    {
      "source": "1202.1159",
      "target": "0907.5224"
    },
    {
      "source": "1202.1159",
      "target": "math-ph/0702045"
    },
    {
      "source": "1202.1159",
      "target": "1009.2135"
    },
    {
      "source": "1202.1159",
      "target": "0908.2267"
    },
    {
      "source": "1202.1159",
      "target": "1106.1337"
    },
    {
      "source": "1310.6022",
      "target": "1301.4871"
    },
    {
      "source": "1310.6022",
      "target": "1211.2302"
    },
    {
      "source": "1310.6022",
      "target": "1211.4021"
    },
    {
      "source": "1310.6022",
      "target": "1202.1159"
    },
    {
      "source": "1310.6022",
      "target": "1104.0176"
    },
    {
      "source": "1310.6022",
      "target": "0901.3273"
    },
    {
      "source": "1310.6022",
      "target": "math-ph/0702045"
    },
    {
      "source": "1310.6022",
      "target": "1108.0002"
    },
    {
      "source": "1310.6022",
      "target": "1302.0577"
    },
    {
      "source": "1310.6022",
      "target": "1210.3006"
    },
    {
      "source": "1310.6022",
      "target": "hep-th/0404153"
    },
    {
      "source": "1312.2892",
      "target": "0909.0854"
    },
    {
      "source": "1403.6368",
      "target": "1308.1003"
    },
    {
      "source": "1404.4240",
      "target": "hep-th/0602013"
    },
    {
      "source": "1404.4240",
      "target": "hep-th/9201033"
    },
    {
      "source": "1404.4240",
      "target": "hep-th/9202006"
    },
    {
      "source": "1404.4240",
      "target": "hep-th/9811200"
    },
    {
      "source": "1404.5759",
      "target": "1111.3527"
    },
    {
      "source": "1404.5759",
      "target": "1312.2892"
    },
    {
      "source": "1404.5759",
      "target": "1404.4730"
    },
    {
      "source": "1404.5759",
      "target": "1401.2572"
    },
    {
      "source": "1404.5759",
      "target": "1211.4457"
    },
    {
      "source": "1404.5759",
      "target": "1012.2586"
    },
    {
      "source": "1412.8334",
      "target": "1408.3992"
    },
    {
      "source": "1412.8334",
      "target": "1312.6869"
    },
    {
      "source": "1412.8334",
      "target": "1412.1698"
    },
    {
      "source": "1412.8334",
      "target": "math-ph/0702045"
    },
    {
      "source": "1412.8334",
      "target": "1404.5759"
    },
    {
      "source": "1412.8334",
      "target": "1210.3006"
    },
    {
      "source": "1412.8334",
      "target": "0801.4590"
    },
    {
      "source": "1412.8334",
      "target": "0905.4141"
    },
    {
      "source": "1501.03910",
      "target": "1310.4154"
    },
    {
      "source": "1501.03910",
      "target": "1308.1003"
    },
    {
      "source": "1502.00981",
      "target": "1307.4957"
    },
    {
      "source": "1502.00981",
      "target": "1110.2949"
    },
    {
      "source": "1502.00981",
      "target": "0706.4403"
    },
    {
      "source": "1502.03160",
      "target": "1312.2892"
    },
    {
      "source": "1502.03160",
      "target": "math-ph/0608052"
    },
    {
      "source": "1502.03160",
      "target": "1404.5802"
    },
    {
      "source": "1502.04394",
      "target": "1501.05867"
    },
    {
      "source": "1502.04394",
      "target": "hep-th/0312085"
    },
    {
      "source": "1502.04394",
      "target": "hep-th/9201033"
    },
    {
      "source": "1502.04394",
      "target": "1010.4542"
    },
    {
      "source": "1502.04394",
      "target": "1312.6869"
    },
    {
      "source": "1502.04394",
      "target": "math/0503002"
    },
    {
      "source": "1502.04394",
      "target": "1108.0002"
    },
    {
      "source": "1502.04394",
      "target": "hep-th/0306165"
    },
    {
      "source": "1502.04394",
      "target": "math/9905075"
    },
    {
      "source": "1502.04394",
      "target": "1210.3006"
    },
    {
      "source": "1502.07147",
      "target": "1301.7017"
    },
    {
      "source": "1502.07147",
      "target": "1404.4730"
    },
    {
      "source": "1502.07147",
      "target": "1312.2892"
    },
    {
      "source": "1502.07147",
      "target": "1404.5759"
    },
    {
      "source": "1502.07147",
      "target": "math-ph/0211042"
    },
    {
      "source": "1502.07147",
      "target": "1407.3656"
    },
    {
      "source": "1502.07147",
      "target": "1404.5802"
    },
    {
      "source": "1502.07147",
      "target": "cond-mat/0607243"
    },
    {
      "source": "1503.07955",
      "target": "1501.03910"
    },
    {
      "source": "1504.07439",
      "target": "1110.2949"
    },
    {
      "source": "1504.07439",
      "target": "1104.0176"
    },
    {
      "source": "1507.06557",
      "target": "1312.4237"
    },
    {
      "source": "1507.06557",
      "target": "1011.1418"
    },
    {
      "source": "1507.06557",
      "target": "1310.6022"
    },
    {
      "source": "1507.06557",
      "target": "1411.1023"
    },
    {
      "source": "1507.06557",
      "target": "1209.3836"
    },
    {
      "source": "1507.06557",
      "target": "1505.00885"
    },
    {
      "source": "1601.02586",